forksync	main	2026-04-10T02:32:00Z	archived=false
reporium	main	2026-04-20T07:50:11Z	archived=false
reporium-api	main	2026-04-19T13:04:53Z	archived=false
reporium-audit	main	2026-04-20T09:29:22Z	archived=false
reporium-dataset	main	2026-04-20T08:18:42Z	archived=false
reporium-db	main	2026-04-10T06:59:48Z	archived=false
reporium-events	main	2026-04-10T02:31:53Z	archived=false
reporium-ingestion	main	2026-04-19T13:48:57Z	archived=false
reporium-mcp	main	2026-04-15T22:17:46Z	archived=false
reporium-metrics	main	2026-04-20T09:22:26Z	archived=false
reporium-roadmap	main	2026-04-20T09:03:26Z	archived=false
reporium-scoring	main	2026-04-10T02:32:09Z	archived=false
reporium-security	main	2026-04-10T02:32:06Z	archived=false
reporium-system-design	main	2026-04-16T07:25:20Z	archived=false
reporium-trust-score	main	2026-04-20T07:55:21Z	archived=false
